	AD-ATAC-TF_Central-Mean	AD-ATAC-TF_Window-Mean	AD-ATAC-TF-10000_Central-Mean	AD-ATAC-TF-10000_Window-Mean	AD-ATAC-TF-1000_Central-Mean	AD-ATAC-TF-1000_Window-Mean	AD-ATAC-TF-100_Central-Mean	AD-ATAC-TF-100_Window-Mean	AD-ATAC_Central-Mean	AD-ATAC_Window-Mean	NE-ATAC-TF_Central-Mean	NE-ATAC-TF_Window-Mean	NE-ATAC-TF-10000_Central-Mean	NE-ATAC-TF-10000_Window-Mean	NE-ATAC-TF-1000_Central-Mean	NE-ATAC-TF-1000_Window-Mean	NE-ATAC-TF-100_Central-Mean	NE-ATAC-TF-100_Window-Mean	NE-ATAC_Central-Mean	NE-ATAC_Window-Mean	AR-10000_Central-Mean	AR-10000_Window-Mean	AR-1000_Central-Mean	AR-1000_Window-Mean	ASCL1-10000_Central-Mean	ASCL1-10000_Window-Mean	ASCL1-1000_Central-Mean	ASCL1-1000_Window-Mean	AR-Pom_Central-Mean	AR-Pom_Window-Mean	AR-Sev_Central-Mean	AR-Sev_Window-Mean	ASCL1-Cej_Central-Mean	ASCL1-Cej_Window-Mean
CRPC_14230_2	0.86548	0.9444108333333336	0.86218	0.9453903030303029	0.8753475	0.948860909090909	0.8532275	0.959241818181818	0.8916675000000001	0.9524280303030304	1.02481	1.0029824242424232	1.02522	1.002532424242424	1.0230074999999998	1.0008641666666664	1.0262875	0.9905625757575754	1.037515	1.0094509090909092	0.863255	0.9390882575757575	0.7670025	0.9123618939393939	0.9613649999999999	0.9728325757575761	0.9034025000000001	0.9608823484848485	0.978985	0.9589140909090909	0.9025175	0.9477134090909087	1.0031875000000001	0.9603540909090909
CRPC_257	0.9411775	0.971557727272727	0.9320225	0.970308257575758	0.9719825	0.9729200757575752	0.954135	0.9570024999999998	0.9571725	0.9769608333333332	1.0398775	1.0037365909090907	1.037305	1.003503409090909	1.0459100000000001	1.0051811363636363	1.0555925	1.004431590909091	1.0459325	1.0096986363636364	0.9336274999999999	0.9696997727272724	0.9060974999999999	0.9555593939393934	0.990255	0.9809702272727276	0.96377	0.9742449999999997	1.008035	0.9733932575757576	0.9496025	0.96757393939394	1.02273	0.9670090151515154
FH0404_E_1_A	0.87767	0.9536763636363634	0.8687075	0.9529861363636369	0.8815299999999999	0.9551523484848486	0.8154325	0.9337410606060608	0.8920675	0.9583286363636363	1.0112025	1.0006962121212122	1.0096425	1.0006199242424245	1.0025425000000001	1.0030703030303025	1.015745	1.004625075757576	1.0138025000000002	1.0052025	0.8891249999999999	0.9537940909090903	0.8129574999999999	0.9312098484848487	0.95007	0.976075909090909	0.927015	0.9692244696969696	0.994185	0.9680073484848486	0.90191	0.9528225757575761	1.0242925	0.9697975757575756
FH0701_cDE_2	0.9853825	0.9965327272727275	0.9742875000000001	0.9937248484848488	1.0041825	1.0036778787878788	0.9831650000000001	1.002558636363636	0.9986324999999999	1.000508863636364	1.0134975	1.0002870454545456	1.0146350000000002	1.0000469696969698	1.011905	1.0033121969696972	1.059355	0.9967616666666664	1.0192225	1.0050903030303033	0.9951650000000001	0.9984354545454545	0.9937825	0.9980794696969697	0.9795900000000001	0.9785959848484854	0.9517175	0.9700643939393938	1.0288075	0.9907949999999999	0.991795	0.9868771969696969	1.0229024999999998	0.970021590909091
FH0166_E_3_A	0.7836	0.9023805303030303	0.7806974999999999	0.9027881060606058	0.7816200000000001	0.9028474242424237	0.825855	0.8991740151515155	0.80411	0.9097649242424242	1.0209375	0.9971696212121209	1.0211075	0.9967859090909093	1.0053225	0.9983802272727273	1.0543925	1.0010487121212124	1.028075	1.0028883333333334	0.8003425	0.9034177272727273	0.7069325000000001	0.8568847727272726	0.941335	0.9636985606060602	0.8958625	0.9511328030303027	0.93304	0.9294853787878785	0.8295175000000001	0.9063003787878782	0.9959375	0.9426348484848484
FH0222_E_2_A	0.7928499999999999	0.9178465151515152	0.79838	0.9210672727272731	0.8254125	0.9247976515151515	0.8306375	0.9224890151515148	0.8099775000000001	0.9249303030303033	1.0302825	1.0025373484848485	1.029935	1.0017546212121209	1.0375074999999998	1.0036331060606056	1.055125	1.0099842424242422	1.03403	1.007293787878788	0.767265	0.9084001515151513	0.62212	0.8577734090909087	0.962055	0.975232803030303	0.9184574999999999	0.969281136363636	0.9525750000000001	0.9421115151515153	0.8355899999999999	0.9218090909090907	1.0173124999999998	0.9577503787878782
CRPC_248_T6	0.7555725	0.9025845454545459	0.76097	0.9052211363636367	0.775615	0.9058634090909095	0.819285	0.8999937121212119	0.762395	0.9082276515151514	0.9824825	0.9939934848484849	0.9798575	0.9932446969696975	0.97495	0.9930678030303032	0.9879749999999999	0.9945507575757577	0.9837874999999999	0.9968196212121213	0.733235	0.8940387878787878	0.6136225	0.8361487121212124	0.91917	0.9535394696969693	0.888265	0.9408067424242429	0.8867375	0.9250016666666664	0.788115	0.8971468181818182	0.92998	0.9180189393939387
FH0415_E_1_A	0.9288675	0.976985151515152	0.91327	0.9745224242424244	0.94681	0.9783818939393938	0.9596225	0.9736462121212117	0.942245	0.9813728787878786	0.9930625000000001	0.9940468181818182	0.9938400000000001	0.9942894696969696	0.97315	0.9898184090909095	1.0174175	0.9832346212121214	0.999645	0.9984587121212118	0.937685	0.976213939393939	0.918395	0.9644329545454547	0.9335325	0.9710468939393939	0.8949725	0.961194318181818	1.0096175	0.9809392424242422	0.9368325	0.9698725000000001	1.0044625	0.965460303030303
FH0486_E_2_A	0.96742	0.9891343181818184	0.9437175	0.983696818181818	0.9890875	0.9909082575757576	1.0216075	1.004803863636364	0.9777925	0.9938907575757573	0.9086625	0.9549340909090909	0.9159299999999999	0.9589077272727277	0.8679325	0.9436368181818178	0.9148700000000001	0.9493579545454547	0.9278125	0.9649287121212123	0.9658249999999999	0.982968787878788	0.9663425	0.9770750000000004	0.8493125	0.9364661363636365	0.7994475	0.9227111363636364	1.015295	0.9791073484848484	0.9621899999999999	0.9752659848484844	0.97117	0.9416600757575759
FH0377_E_1_A	0.9460500000000001	0.9824403030303035	0.9334625000000001	0.9796426515151514	0.9571700000000001	0.9857084848484851	0.9087075	0.9920509848484845	0.956395	0.9864128787878789	1.004515	0.9987749242424244	1.0048425	0.9990021969696969	0.9916425	1.0003175757575755	1.0106575	1.009878787878788	1.0109724999999998	1.0026086363636364	0.94623	0.9842902272727269	0.913695	0.9749624242424245	0.9644874999999999	0.9779959090909089	0.9243674999999999	0.9725842424242425	1.00644	0.9813972727272731	0.9536074999999999	0.975398257575757	1.00393	0.9650656818181814
CRPC_248	0.8899225000000001	0.9444223484848484	0.8870450000000001	0.9451948484848485	0.928635	0.9530980303030308	0.9263925000000001	0.9461295454545454	0.9063075	0.9508463636363637	1.0363825	1.0025661363636365	1.0369175	1.002156287878788	1.0308975	1.0026863636363639	1.021045	1.00873696969697	1.041465	1.0075774999999998	0.8775875000000002	0.9411989393939396	0.835735	0.9099576515151515	0.9858574999999999	0.9732336363636365	0.93957	0.9634622727272725	0.973475	0.9529890909090906	0.9018849999999999	0.9411012121212127	1.0069975	0.9535481060606057
CRPC_466_T2	0.97163	0.982655757575758	0.954595	0.9782609848484852	0.9663225	0.9905501515151516	0.95291	0.9802597727272726	0.98329	0.9858875757575759	1.0142025000000001	0.9968672727272725	1.01704	0.9965572727272727	1.0156100000000001	0.9982456818181815	0.9976125	0.9956689393939394	1.0163425000000001	1.0003958333333336	0.9761325000000001	0.9899074999999995	0.9919924999999999	0.9906791666666666	1.006795	0.9746742424242427	0.9763949999999999	0.9650035606060606	1.0173800000000002	0.9786420454545458	0.9688175000000001	0.9719096212121208	1.0044775	0.954744696969697
FH0103_E_1_A	0.95787	0.9854977272727269	0.942185	0.9828366666666665	0.9765275	0.9876355303030302	0.96235	0.9855758333333328	0.969285	0.9892571212121213	1.010455	0.99962106060606	1.0120775	0.9996584848484847	1.0159775	0.998557575757575	1.0593675	1.006256060606061	1.0115125	1.0031034848484848	0.9628725	0.9847937878787876	0.9533775	0.9783483333333328	0.9699475	0.9784087878787878	0.9336024999999999	0.9709675757575758	1.0265024999999999	0.9820587121212122	0.9636849999999999	0.9792512878787876	1.01569	0.9721897727272729
FH0226_E_1_A	0.9604199999999999	0.9872668181818182	0.94668	0.984541742424242	0.9703350000000001	0.9886215909090907	0.957155	0.9939446212121208	0.9699425	0.9902356818181813	1.02253	1.0000834090909094	1.0229875	0.9998539393939393	1.0117175	1.0034684848484856	1.0347775000000001	1.0155428787878789	1.0199150000000001	1.0034353787878787	0.9606650000000001	0.9883161363636364	0.9521550000000001	0.9852335606060605	0.977345	0.9801165909090905	0.942655	0.9748016666666665	1.0179525	0.9868359090909088	0.9614475	0.9798590909090911	1.0355375	0.9754265151515146
FH0166_E_2_A	0.731905	0.8798234848484848	0.7334799999999999	0.8844531060606057	0.7602075	0.8854888636363635	0.8327600000000001	0.8847659090909088	0.7510525	0.8871912878787875	1.0125725	0.9961796212121214	1.012705	0.9953186363636366	1.0106574999999998	0.9968290909090908	1.0248225	1.0028324999999996	1.0160475	1.001456818181818	0.7358425	0.8709398484848485	0.6369374999999999	0.8107068181818182	0.926705	0.959869393939394	0.887605	0.9470269696969698	0.9088725	0.9209665909090909	0.776315	0.8824876515151515	0.9768425000000001	0.9361211363636365
FH0166_E_1_A	0.8391675	0.9320390909090913	0.8343025000000001	0.932262272727273	0.8634875000000001	0.9348432575757574	0.8917949999999999	0.9319539393939394	0.854305	0.9368020454545464	1.010955	0.9969822727272721	1.0106325	0.9961684090909092	0.98548	0.9988625757575762	0.9808399999999999	0.9921261363636367	1.0174375	1.0019482575757577	0.83692	0.9315125757575755	0.77094	0.9081157575757576	0.957905	0.9676950757575757	0.9301425	0.9618539393939392	0.9557074999999999	0.9487168181818186	0.8595700000000001	0.9270235606060608	0.9981399999999999	0.9510878787878785
FH0243_E_1_A	0.9814575	0.9949590151515146	0.9677475	0.9916540151515153	0.9910175000000001	0.9969242424242426	1.005715	1.003348257575758	0.9931125000000001	0.998054015151515	1.01477	0.9988649242424243	1.0186024999999999	0.9989221212121214	0.9934375	0.9985533333333334	1.0312775	1.0019356818181815	1.0204275	1.0031011363636362	0.988665	0.9970959090909086	0.978485	0.9954522727272722	0.9802575	0.9798254545454546	0.9608650000000001	0.9757531060606063	1.0309175	0.9894373484848489	0.979155	0.9850481060606061	1.0114625	0.9693042424242427
FH0689_E_1_A	0.9754849999999999	0.9917387878787873	0.9618525	0.9874830303030303	1.002315	0.9966585606060604	0.9739875	0.9845960606060608	0.9832399999999999	0.9960440151515152	0.9969574999999999	0.9930238636363636	1.00177	0.9937356818181821	0.966835	0.9921965909090912	0.99466	0.9997769696969699	1.0025249999999999	0.9972514393939392	0.984535	0.994727803030303	0.9812424999999999	0.9916274999999997	0.96271	0.9752077272727274	0.9510125	0.9677572727272729	1.026455	0.9855760606060607	0.9786199999999999	0.9836395454545457	1.00888	0.9624701515151513
FH0450_E_2_A	0.9697875	0.9854021969696968	0.9592275	0.9833126515151517	0.9821425	0.9872070454545446	0.9314325000000001	0.9812243181818182	0.9806349999999999	0.9894457575757578	1.0229475000000001	1.0007093939393938	1.0244	1.0004487121212124	1.0184575	1.0008980303030306	1.0446525000000002	1.0040092424242424	1.0229875000000002	1.0045151515151514	0.968325	0.984450303030303	0.95065	0.9778977272727278	0.985025	0.9815789393939393	0.96618	0.975803787878788	1.02526	0.9837544696969689	0.9784174999999999	0.9815398484848485	1.0332075	0.9743471969696966
FH0119_E_1_A	0.988845	0.9980199242424245	0.9742725	0.9935365151515153	1.01098	0.9963053030303031	0.9643174999999999	0.9693925000000001	0.9966200000000001	1.0005831060606063	1.0196525	1.0015395454545455	1.0207424999999999	1.001757575757576	1.0192324999999998	1.0061063636363636	1.0749849999999999	1.012843409090909	1.0235125	1.0050167424242424	0.9942425	1.0005341666666672	1.008005	1.0007097727272725	0.9981000000000001	0.9840152272727272	0.9618450000000001	0.9768703030303032	1.03888	0.9927616666666663	0.9848	0.9883900757575758	1.0352824999999999	0.9751796969696966
FH0729_E_1_A	0.8339525000000001	0.9346492424242427	0.82363	0.9323215909090908	0.84909	0.9340880303030299	0.843645	0.9276874999999998	0.8467875	0.9400503787878787	0.9965225	0.998474318181818	0.9956625000000001	0.9977197727272722	0.9711975	0.9992507575757579	0.98315	1.000053333333333	1.00498	1.0025725757575754	0.8677175	0.943639015151515	0.81275	0.9177823484848477	0.937415	0.9648921212121214	0.8971049999999999	0.956326136363636	0.97112	0.9578218181818183	0.8542725	0.929689696969697	0.9758825	0.9429666666666673
CRPC_554_T2	0.8531525000000001	0.9256058333333331	0.8515125	0.9271327272727273	0.8658075000000001	0.9255485606060606	0.8700650000000001	0.9233468939393937	0.876875	0.9352320454545453	1.03253	1.0048807575757575	1.0322	1.0046216666666665	1.0316675	1.006588560606061	1.05424	1.0210098484848487	1.0404149999999999	1.0114040909090918	0.8370299999999999	0.9215735606060611	0.7698075	0.8776039393939394	0.9744825	0.9688354545454546	0.9292525	0.9597051515151515	0.9811075	0.9509783333333333	0.89471	0.9282651515151515	0.9982174999999999	0.9466112121212125
FH0567_cDE_1	0.9778	0.9970464393939391	0.9598724999999999	0.9938407575757574	0.984685	0.9994992424242426	0.9614225000000001	0.9998631818181817	0.9885250000000001	0.9996860606060605	1.001895	0.9988022727272726	1.00136	0.9990614393939389	0.9843824999999999	0.9969689393939395	1.0502075	1.003921439393939	1.0065275	1.0020295454545451	0.98685	0.9989428787878794	0.9854750000000001	1.0020085606060605	0.9724200000000001	0.9810612121212123	0.9496675	0.9739352272727273	1.037015	0.9925628030303033	0.9859925	0.9884976515151515	1.019395	0.9717562121212121
FH0334_E_1_A	0.82171	0.9194556818181819	0.825145	0.9228859090909092	0.8259475000000001	0.9239757575757575	0.827735	0.9096790909090909	0.8356950000000001	0.9262787878787879	1.0102624999999998	0.999208106060606	1.011555	0.9991244696969696	1.0129875000000002	1.000535075757576	1.0248	1.0009999242424241	1.0171225	1.004567424242424	0.80584	0.9054824242424241	0.7225575	0.85389946969697	0.9428750000000001	0.9654878787878787	0.904145	0.9618982575757578	0.9483650000000001	0.9417074242424243	0.8674875000000001	0.9257404545454551	0.9823325	0.9432439393939394
FH0200_E_2_A	0.7997700000000001	0.9196218181818181	0.8055675	0.9225810606060606	0.8231999999999999	0.9216251515151517	0.7913	0.9078728030303034	0.8182625	0.9267641666666661	1.0182275	0.9994606818181818	1.017015	0.9989338636363639	1.0183475	0.9978661363636369	1.1046999999999998	0.9973846969696971	1.0207825000000001	1.0044045454545456	0.7776725	0.9111018181818182	0.6545875	0.8561962878787881	0.9556250000000001	0.9730550757575761	0.9168575	0.962207424242424	0.9490075	0.9422193181818181	0.8399524999999999	0.9212989393939396	1.0229175000000001	0.9569628030303032
FH0377_E_2_A	0.888805	0.9577806060606062	0.8818125	0.956205984848485	0.896235	0.9579290909090907	0.9290525	0.9636734848484849	0.9042775000000001	0.9628485606060608	1.0106925	0.9995742424242421	1.0120399999999998	0.9991454545454548	1.01087	0.9970992424242426	1.05094	1.0032797727272724	1.0171325	1.0040318939393942	0.8905875	0.9589870454545455	0.841755	0.9376546212121213	0.9650150000000001	0.9748805303030302	0.9453375	0.9683995454545455	0.9785025	0.96554803030303	0.9077249999999999	0.9550824242424246	1.0031725	0.9616881060606057
FH0466_E_2_A	1.003655	1.0005275757575756	0.9907075	0.9970728787878785	1.041965	1.0032797727272729	1.023815	1.0071128030303027	1.00978	1.0033165909090906	1.0099825	1.001174090909091	1.0097675	1.001252121212121	0.989965	1.0018936363636366	1.0096975000000001	1.0080726515151515	1.01759	1.0042283333333337	1.0022925	1.0011757575757578	1.0229775	1.003938181818182	1.0019900000000002	0.984190833333333	0.9842225	0.977212196969697	1.0385225	0.9949603030303034	1.006215	0.9934163636363638	1.0472275	0.9819167424242427
CRPC_531_T2	0.89271	0.9397915151515155	0.88593	0.9392786363636366	0.911405	0.9422866666666662	0.917375	0.9419468181818182	0.9072450000000001	0.946853939393939	1.0197525	0.9998181818181825	1.0195224999999999	0.9994288636363639	1.0033475	1.0010875757575757	0.99635	1.0018456818181822	1.025865	1.0051414393939395	0.8883874999999999	0.9359831060606059	0.8567825	0.906981590909091	0.9671075	0.9674303030303026	0.9241125	0.9571005303030301	0.9714375	0.9522889393939394	0.907575	0.9356362121212117	0.9731675000000001	0.9435140151515153
FH0119_E_2_A	0.9842425	0.996673257575758	0.9687874999999999	0.9931140909090906	0.991495	0.9980809090909093	0.945605	0.9954251515151515	0.993815	0.9996285606060603	1.0180425	0.9990415909090918	1.0199175	0.9987063636363637	0.9967175000000001	0.9994565151515151	1.0210400000000002	1.0000807575757573	1.0204674999999999	1.002950075757576	0.9842375000000001	0.9981618939393938	0.9765425000000001	0.9984016666666669	0.982935	0.9807208333333332	0.9535025	0.9690550757575759	1.03409	0.9909518181818181	0.9779850000000001	0.9848804545454541	1.014095	0.9692114393939395
CRPC_531_T1	0.82677	0.9138743939393938	0.8286525	0.9184718181818184	0.8373124999999999	0.917772727272727	0.823215	0.9144231818181817	0.844185	0.921786590909091	1.0176924999999999	0.9990503787878788	1.0181525	0.9987332575757568	1.013185	0.9984594696969697	1.0053800000000002	0.9971773484848481	1.0245625	1.0046434848484853	0.808975	0.8980636363636364	0.716385	0.8511448484848488	0.955925	0.9654509848484848	0.919975	0.9573714393939393	0.939125	0.9386046212121216	0.8587274999999999	0.9155268181818178	0.9658925	0.9387237878787882
CRPC_531_T3	0.8910549999999999	0.9472954545454547	0.88183	0.9456566666666667	0.9011100000000001	0.9471140909090909	0.8926775	0.9419423484848486	0.9135249999999999	0.9544924242424244	1.0285875	1.000483939393939	1.0262375	0.9999397727272725	1.02875	1.0025972727272727	1.0362275	1.0007277272727273	1.0351825	1.007034696969697	0.8897775	0.9456821212121211	0.83424	0.924449318181818	0.9642425	0.9718383333333337	0.9343825	0.9655006060606061	0.9773200000000001	0.9576523484848484	0.9048725	0.9438241666666666	0.9923375	0.953269090909091
CRPC_161	0.905755	0.9620820454545453	0.89404	0.9615668939393941	0.909205	0.9673449242424242	0.8233325	0.9603324242424243	0.91969	0.966465606060606	1.0241475	1.0003310606060611	1.0225374999999999	1.000066893939394	1.03259	0.9982337121212119	1.064435	1.0096822727272723	1.0219425	1.0025923484848482	0.900715	0.9602324999999997	0.8806700000000001	0.9439752272727273	1.00076	0.9740289393939396	0.95073	0.9652479545454543	0.9926699999999999	0.9675772727272732	0.9111400000000001	0.9547790909090906	0.99621	0.9534821969696966
FH0644_cDE_1	0.9806625000000001	0.9934506060606061	0.9686575	0.9904236363636363	0.99336	0.992809015151515	0.92516	0.9965741666666662	0.9894850000000001	0.9976660606060604	1.0322725	1.0033789393939387	1.03384	1.0035126515151516	1.03919	1.003962045454545	1.04182	1.0102648484848484	1.033315	1.0077015909090907	0.9864649999999999	0.9958381060606055	0.9997974999999999	0.9930347727272729	1.00054	0.9825616666666667	0.976615	0.9765021212121212	1.0322225	0.989819015151515	0.9901150000000001	0.986661893939394	1.0388974999999998	0.9749725757575758
FH0644_cDE_2	0.9744349999999999	0.9886078030303033	0.9610624999999999	0.9861141666666666	0.989265	0.99165553030303	0.9609800000000001	0.9958393181818183	0.9832449999999999	0.9919430303030302	1.0289425	1.0042467424242427	1.02807	1.003726212121212	1.0346125000000002	1.008260606060606	1.0284275	1.0070616666666667	1.029925	1.0077234848484844	0.983925	0.9894955303030304	0.99057	0.9863781818181816	0.99176	0.9812204545454551	0.9995975	0.9735017424242426	1.0298599999999998	0.9863830303030308	0.97707	0.9799247727272726	1.022825	0.9713538636363638
FH0148_E_2_A	0.8618450000000001	0.9354712878787879	0.854955	0.9349243181818181	0.88785	0.9356344696969694	0.857385	0.9289645454545461	0.87384	0.9412759090909092	1.0232025	1.003730606060606	1.0219775	1.0036049242424243	1.01215	1.003680909090909	1.02333	1.0033109090909094	1.0278075000000002	1.0076451515151519	0.85212	0.9356377272727272	0.7874075	0.9080303787878787	0.9613225000000001	0.9717819696969694	0.9415549999999999	0.9653458333333329	0.96753	0.9511523484848485	0.889875	0.9342390151515158	1.0239825	0.9601899242424238
FH0241_E_1_A	0.9556425	0.983400984848485	0.9409875000000001	0.9803095454545452	0.9634925	0.9825091666666665	0.9225074999999999	0.9758992424242416	0.96529	0.9868930303030305	1.002915	0.9989831818181814	1.00392	0.9991043181818181	0.9914050000000001	1.0004981818181815	1.0531875	1.0131193181818183	1.0113475	1.0027162878787876	0.96514	0.9860865909090909	0.9690624999999999	0.9784722727272726	0.9670075	0.9788190151515153	0.939815	0.9738971969696973	1.0072125	0.9812203787878785	0.959	0.9768043939393939	1.0082	0.9686612878787877
FH0226_E_2_A	0.9008825	0.9779012878787874	0.8935875	0.9778724999999996	0.9178175	0.9815103030303028	0.867085	0.986533409090909	0.91205	0.9818987121212123	1.0299375000000002	1.0044082575757578	1.0304775	1.004168106060606	1.0198425000000002	1.0042843939393937	1.1033275	1.0035965151515152	1.0313025	1.0069856060606057	0.898185	0.9759203030303033	0.85108	0.9584521969696966	1.000025	0.9877926515151516	0.9702875	0.9808750000000003	0.996215	0.985856742424242	0.9176624999999999	0.9768396969696969	1.0265225	0.981113181818182
FH0241_E_2_A	0.9738325	0.9920232575757579	0.960195	0.9887766666666673	0.9754550000000001	0.9970685606060601	0.97211	1.0009146969696971	0.9852825000000001	0.9953334848484844	1.0072824999999999	1.0005439393939395	1.010055	1.0004675757575754	1.0000925	0.9995847727272723	1.0116175	0.99907	1.0132725	1.0042270454545454	0.9843350000000001	0.9946326515151517	0.9866025	0.9920732575757575	0.9781325	0.9810964393939395	0.9521475	0.9765921969696971	1.01881	0.9878987121212125	0.979815	0.9846622727272728	1.0100425	0.9724006060606062
FH0103_E_2_A	0.9335175	0.9734531818181819	0.922985	0.971290378787879	0.9440899999999999	0.9755324242424241	0.9617374999999999	0.9691233333333331	0.9472900000000001	0.9792429545454546	1.01539	1.0005004545454546	1.0154	1.0000584090909088	1.0011125	0.9992537121212121	1.0323550000000001	1.0092417424242421	1.020385	1.0047898484848485	0.93396	0.9733946969696969	0.912255	0.9644201515151515	0.9637074999999999	0.9770563636363632	0.932265	0.9645118939393943	1.0059025	0.975035984848485	0.9479425	0.969998333333333	1.0297524999999998	0.9697036363636363
FH0312_E_1_A	0.9774900000000001	0.9941391666666667	0.9662775	0.9887555303030302	1.0009824999999999	0.9963118181818181	0.9971425000000002	0.9948685606060602	0.9883299999999999	0.9972987878787881	0.9916375000000001	0.9909035606060609	0.9951675	0.9917640909090909	0.96424	0.9874746969696968	0.9722175	0.9969858333333337	0.99782	0.9963164393939393	0.9829075	0.9962791666666668	0.9776374999999999	0.9959517424242416	0.9343775	0.9671632575757578	0.8910975	0.9520391666666668	1.0203525000000002	0.9863604545454547	0.9736400000000001	0.9837171212121213	1.0030725	0.9610822727272732
FH0228_cDE_2	0.95545	0.9838933333333331	0.9455975	0.9819387878787877	0.9539075	0.983309848484848	0.9373999999999999	0.9850463636363638	0.9663225	0.9878141666666669	1.01526	1.0013511363636367	1.0182475000000002	1.0016098484848484	1.0045225	1.0038906060606059	1.0168025	1.0086066666666664	1.022255	1.005247424242424	0.95564	0.9843203787878794	0.945045	0.9804438636363638	0.9899899999999999	0.9816694696969696	0.9620150000000001	0.97611	1.0226025	0.9831826515151512	0.96794	0.9780818181818182	1.024165	0.9727471212121213
FH0345_E_1_A	0.9740325	0.9957571969696974	0.9573799999999999	0.9920443181818182	0.9841550000000001	0.9945112878787881	0.9642525000000001	0.9958364393939398	0.9871400000000001	0.9989409090909097	0.992985	0.9967228030303033	0.9940850000000001	0.9969228787878788	0.9982525	0.9950894696969693	1.0367099999999998	0.9981666666666665	0.9993700000000001	1.0010793939393938	0.9844900000000001	0.9965792424242429	0.9883325000000001	0.9985228030303025	0.957955	0.9794174242424242	0.92228	0.9709627272727277	1.0220625	0.9888196969696973	0.9762824999999999	0.985166893939394	0.98095	0.9645726515151513
CRPC_248_T1	0.9896225000000001	0.9960450757575762	0.9789225000000001	0.9929819696969693	1.004885	0.9958856818181818	0.985925	0.9894778030303026	1.0016375	1.0005106818181813	1.0203799999999998	1.001062954545455	1.01909	1.000698636363636	1.01258	1.0030451515151517	1.00004	1.0145276515151511	1.02466	1.0055974242424242	0.9910425	0.9965558333333333	0.9823075	0.995850681818182	0.9889149999999999	0.9819195454545453	0.966295	0.9762430303030303	1.0215874999999999	0.988718787878788	0.982685	0.986067803030303	0.9892	0.9645145454545452
FH0345_cDE_3	0.9264775000000001	0.9775042424242429	0.904585	0.9721967424242423	0.9362174999999999	0.9753692424242422	0.905795	0.9733219696969695	0.941405	0.9833941666666662	0.9588975000000001	0.9825434848484851	0.9639800000000001	0.9840733333333331	0.942215	0.9788407575757575	0.973155	0.9821399242424242	0.9688475	0.9870181818181817	0.9349649999999999	0.9760735606060609	0.9151499999999999	0.9694239393939394	0.932155	0.9662966666666665	0.8814475	0.9552630303030301	0.99481	0.9736763636363637	0.9264325	0.9670012878787877	0.9598525	0.9440980303030305
CRPC_248_T2	0.984395	0.9943728787878783	0.973855	0.991213636363636	1.0072949999999998	0.9946375757575757	0.96651	0.9883443181818181	0.9951274999999999	0.9988543939393938	1.0142225	1.000077424242424	1.0150124999999999	0.9997067424242417	1.014075	1.0021109848484848	1.010865	1.0053592424242423	1.018585	1.0041608333333334	0.9834275	0.9953793939393938	0.9857100000000001	0.9957475757575758	0.9823149999999999	0.9806743939393938	0.956385	0.9735291666666663	1.013845	0.9875965151515151	0.9780475	0.9847979545454543	0.9846374999999999	0.9631196212121214
CRPC_554_T1	0.9198525000000001	0.9657756818181815	0.9159474999999999	0.9655410606060609	0.9372775	0.9651005303030304	0.9349125	0.950144318181818	0.9363024999999999	0.9719340151515151	1.0225825	1.0017403787878787	1.022745	1.0010422727272725	1.0202900000000001	0.9993314393939391	0.9732375	1.0031162121212123	1.0298800000000001	1.0071997727272723	0.9106175	0.9633846969696972	0.8855825	0.9516137878787877	0.97179	0.977914621212121	0.94251	0.9699434848484849	1.003695	0.9732921969696967	0.9400900000000001	0.9627294696969692	0.9955799999999999	0.9608696212121213
FH0530_E_1_A	0.945985	0.982979318181818	0.925185	0.9767759848484846	0.9674525	0.9800948484848483	1.0028700000000002	0.9851164393939396	0.961195	0.987541212121212	0.969735	0.9738605303030304	0.9763124999999999	0.9767375757575756	0.9463925	0.9603874242424241	0.9673049999999999	0.9570744696969699	0.975245	0.9794653030303031	0.9554775	0.9805079545454544	0.9495525	0.9699154545454548	0.8790500000000001	0.9528526515151516	0.8058325	0.9386917424242426	1.0174374999999998	0.9809251515151516	0.9504374999999999	0.9740034848484843	1.0119675	0.9568892424242422
FH0148_E_3_A	0.8173125000000001	0.9247426515151518	0.819785	0.9260978030303034	0.8335125	0.9299304545454543	0.842915	0.92513053030303	0.8323250000000001	0.9306571212121213	1.0364275	1.0056957575757575	1.0363	1.0053059090909087	1.0428374999999999	1.004581287878788	1.0579574999999999	0.9991498484848491	1.0373075	1.009165757575758	0.77932	0.9176660606060608	0.6991375	0.8893196212121213	0.96732	0.9762702272727273	0.9549199999999999	0.9661552272727271	0.9664975	0.9443951515151512	0.8672500000000001	0.9295395454545454	1.0415625	0.9664750757575767
FH0701_cDE_1	0.9885625	0.9919562878787879	0.9731025	0.9865895454545451	1.031505	0.9937615909090908	1.0468675	0.990472651515152	0.9979775	0.9964871969696967	1.0204475	0.9964481818181812	1.0207624999999998	0.9969903787878787	1.0186575	0.9954237878787878	1.049435	1.00056946969697	1.0256049999999999	1.002472196969697	0.99037	0.9933981818181817	0.99712	0.9917420454545455	0.9477199999999999	0.9665209848484854	0.8991825	0.953563106060606	1.0358174999999998	0.9851073484848488	0.98344	0.9807586363636366	1.0332000000000001	0.9637412878787884
CRPC_466_T3	0.8972275	0.9429258333333329	0.8778175	0.9380490151515151	0.9361225	0.9475540909090915	0.9089275	0.9266993181818184	0.91606	0.9505240909090907	1.018475	0.9999940151515148	1.01929	0.9992632575757577	1.0012125	0.9998697727272732	1.023145	1.003513484848485	1.0257899999999998	1.0061044696969696	0.9249775	0.951716893939394	0.8648275	0.9198133333333334	0.971135	0.9643023484848484	0.937935	0.9437539393939393	0.9811425	0.9544115151515155	0.914405	0.9343828030303035	0.9950300000000001	0.9450399242424241
FH0729_E_2_A	0.9700500000000001	0.9903924999999998	0.957595	0.9864779545454548	0.9799775	0.989746893939394	0.9803550000000001	0.9817046212121213	0.9783950000000001	0.9930508333333329	1.004775	0.9984619696969697	1.0050725	0.9983934848484852	0.9966975	1.0000351515151515	0.9954175	0.9996299999999992	1.0102575	1.0017663636363632	0.9823875	0.9927935606060607	0.9775624999999999	0.9923200757575761	0.97782	0.9790465151515158	0.9520275	0.968507803030303	1.02175	0.9892073484848486	0.9655825	0.9792832575757575	1.0009450000000002	0.9657762878787881
FH0415_E_2_A	0.9363049999999999	0.97833196969697	0.922145	0.9754478787878785	0.9316749999999999	0.9765675757575759	0.92923	0.9713992424242427	0.9462175	0.9824068939393938	0.9990349999999999	0.9933932575757575	1.00173	0.9938519696969697	0.9806575	0.990071893939394	1.005565	0.9907375757575757	1.0020475	0.9977406818181821	0.94775	0.97769446969697	0.9389824999999999	0.9685370454545454	0.9344925	0.9720562878787877	0.8814150000000001	0.9614452272727267	1.0201799999999999	0.9826220454545452	0.9413425000000001	0.9709440909090914	1.0096775	0.9674220454545458
FH0243_E_2_A	0.7840625	0.9093703030303025	0.78974	0.9148423484848486	0.792145	0.9133227272727273	0.7291825	0.906975681818182	0.80372	0.9173898484848485	1.0249575000000002	1.0031435606060608	1.024895	1.002841893939394	1.0178425	1.0026215151515157	1.0223975	0.9927630303030304	1.0288325	1.007041136363636	0.74448	0.8850803787878788	0.636565	0.839465227272727	0.95962	0.9738539393939392	0.9424075	0.963895	0.9203725	0.9344371212121213	0.8274875	0.9172699999999999	1.0201025000000001	0.9604659090909089
FH0482_E_1_A	0.9818075	0.9963447727272726	0.9659575	0.992722651515151	0.9701375000000001	0.9964332575757577	0.9013775	0.9921851515151516	0.991595	0.9991652272727274	1.0193225	1.001213712121212	1.0221125	1.001759772727273	1.031095	1.0050334090909092	1.0276675000000002	0.9994445454545453	1.0168425	1.0047249242424245	0.9817849999999999	0.996952196969697	0.9601175000000001	0.9968962121212123	0.9960925	0.9837167424242421	0.962075	0.9756115151515153	1.0352700000000001	0.9919107575757572	0.9860125	0.9870396212121214	1.0290124999999999	0.9786122727272731
FH0084_E_1_A	0.9323525	0.9830726515151518	0.92492	0.9810062121212121	0.9537024999999999	0.9842084090909092	0.9249225	0.9770977272727277	0.9435975	0.986675378787879	1.0221225	1.0005676515151514	1.022845	1.000780303030303	1.0039225	1.0004537121212123	1.0137525	0.9997999242424243	1.0234750000000001	1.0049309848484844	0.9365249999999999	0.9834205303030301	0.8977125	0.9697956818181819	0.9795825	0.9818670454545452	0.95538	0.977456742424243	1.0231075	0.9873135606060608	0.9468925	0.9792744696969696	1.03948	0.9814431818181818
FH0404_E_2_A	0.9522374999999998	0.9798805303030299	0.9352750000000001	0.9756052272727272	0.9715999999999999	0.9800443939393939	0.8854474999999999	0.9828970454545455	0.96447	0.9841533333333328	1.037895	1.0033754545454547	1.038205	1.0029604545454551	1.0423149999999999	1.0053563636363636	1.09035	1.0102260606060607	1.03456	1.0078471969696967	0.9677675	0.9867206060606062	0.9680025	0.9824563636363638	0.9829375	0.9825781818181817	0.9657375	0.9787834090909091	1.026145	0.9840406818181814	0.9616100000000001	0.9762930303030307	1.0601925	0.9820617424242426
FH0148_E_1_A	0.9462250000000001	0.9787464393939392	0.93671	0.9769484848484844	0.9623225	0.9782399242424245	0.940665	0.9746589393939393	0.9585874999999999	0.9824766666666668	1.02384	1.001347424242424	1.025685	1.0011681060606061	1.0160025	1.0018351515151518	1.0832275	1.0162760606060608	1.0247325	1.0060550757575755	0.9480474999999999	0.9794434090909093	0.9378250000000001	0.9734577272727271	0.9778150000000001	0.979747878787879	0.9646075	0.9736451515151512	1.0167575	0.9799510606060611	0.9571375	0.9720807575757574	1.0341625	0.9732546212121211
FH0334_E_2_A	0.8227625000000001	0.9266985606060609	0.8247625	0.929031515151515	0.845995	0.9305590151515152	0.8190675000000001	0.9302866666666666	0.83816	0.933153787878788	1.004035	0.9984332575757576	1.0070975	0.9984460606060604	0.988985	0.9976990909090909	1.0274900000000002	1.0010386363636368	1.007655	1.0029409090909094	0.8129299999999999	0.9164211363636365	0.716635	0.873594318181818	0.9436475	0.9665462121212124	0.8986925000000001	0.9553919696969697	0.9494075000000001	0.9463034090909095	0.8684625	0.9323274242424243	0.9749225	0.9453526515151518
FH0345_E_2_A	0.9462725000000001	0.9866282575757577	0.92907	0.9817205303030305	0.9560025000000001	0.9834576515151512	0.8960825	0.9817320454545454	0.9576425	0.990094090909091	0.96229	0.9842636363636363	0.9662275	0.9855207575757576	0.9254575	0.9793203030303025	0.9553775	0.977285227272728	0.9681675	0.988240530303031	0.9540125	0.9854634090909092	0.9351475	0.9842366666666666	0.9377475	0.969168257575757	0.897975	0.9578007575757578	0.996605	0.9777337878787876	0.9473425	0.9746365909090913	0.9501875	0.9472079545454546
FH0222_E_1_A	0.9733325	0.9943923484848481	0.9607	0.9912430303030308	0.983245	0.9957003787878785	1.008035	0.9960843181818179	0.98665	0.9988109848484853	1.0103425000000001	1.0017977272727272	1.01188	1.00129196969697	0.9918950000000001	1.0047202272727271	1.0184475	1.0169490151515148	1.0116725	1.0056505303030305	0.9773000000000001	0.9957871212121211	0.9810825	0.9917830303030305	0.9833925	0.984721363636364	0.95814	0.9742707575757573	1.0281600000000002	0.9904189393939391	0.9814925	0.9888650757575751	1.0166725	0.978060606060606
FH0450_E_1_A	0.93263	0.9669329545454544	0.9256425	0.9665867424242424	0.9438575	0.9736938636363637	0.94647	0.9924681818181813	0.9437675000000001	0.9729350757575754	1.01541	0.9993632575757574	1.0146675	0.9986653787878783	1.0079375000000002	1.0005736363636368	1.0561850000000002	1.0077110606060604	1.0162675	1.0039065151515147	0.9259925	0.9635839393939394	0.898065	0.9419492424242419	0.98589	0.977905	0.9563999999999999	0.9700079545454542	0.99976	0.9705518181818182	0.9461875000000001	0.9637415909090908	1.028955	0.9667641666666665
